"Office Location",Total_Hours,Unique_Equipment_Count
Adelaide,6323.490000000008,20
Brisbane,6191.4899999999925,20
Canberra,6226.520000000004,20
Darwin,6207.290000000005,20
"Gold Coast",6086.009999999992,20
Hobart,6236.309999999998,20
Melbourne,6221.810000000015,20
Newcastle,6122.290000000009,20
Perth,6232.36,20
Sydney,6263.19999999999,20
